,Names,Prices,Description,Reviews
0,"MOTOROLA g35 5G (Leaf Green, 128 GB)","₹9,999",4 GB RAM | 128 GB ROM | Expandable Upto 1 TB17.07 cm (6.72 inch) Full HD+ Display50MP + 8MP | 16MP Front Camera5000 mAh BatteryT760 Processor12 5G Bands with VoNR|4K Video Recording|Vision Booster Technology1 Year on Handset and 6 Months on Accessories,4.2
1,"REDMI 13C 5G (Starlight Black, 128 GB)","₹8,999",4 GB RAM | 128 GB ROM | Expandable Upto 1 TB17.12 cm (6.74 inch) HD+ Display50MP Rear Camera | 5MP Front Camera5000 mAh BatteryMediatek Dimensity 6100+ Processor1 Year Manufacturer Warranty for Phone and 6 Months Warranty for In the Box Accessories,4.3
2,"MOTOROLA g35 5G (Guava Red, 128 GB)","₹9,999",4 GB RAM | 128 GB ROM | Expandable Upto 1 TB17.07 cm (6.72 inch) Full HD+ Display50MP + 8MP | 16MP Front Camera5000 mAh BatteryT760 Processor12 5G Bands with VoNR|4K Video Recording|Vision Booster Technology1 Year on Handset and 6 Months on Accessories,4.2
3,"MOTOROLA g35 5G (Midnight Black, 128 GB)","₹9,999",4 GB RAM | 128 GB ROM | Expandable Upto 1 TB17.07 cm (6.72 inch) Full HD+ Display50MP + 8MP | 16MP Front Camera5000 mAh BatteryT760 Processor12 5G Bands with VoNR|4K Video Recording|Vision Booster Technology1 Year on Handset and 6 Months on Accessories,4.2
4,"realme C61 (Safari Green, 128 GB)","₹8,199",6 GB RAM | 128 GB ROM | Expandable Upto 2 TB17.13 cm (6.745 inch) HD+ Display32MP Rear Camera | 5MP Front Camera5000 mAh BatteryT612 Processor1 Year Manufacturer Warranty for Device and 6 Months Manufacturer Warranty for Inbox Accessories,4.4
5,"realme C61 (Marble Black, 128 GB)","₹8,199",6 GB RAM | 128 GB ROM | Expandable Upto 2 TB17.13 cm (6.745 inch) HD+ Display32MP Rear Camera | 5MP Front Camera5000 mAh BatteryT612 Processor1 Year Manufacturer Warranty for Device and 6 Months Manufacturer Warranty for Inbox Accessories,4.4
6,"realme C63 (Leather Blue, 64 GB)","₹8,499",4 GB RAM | 64 GB ROM | Expandable Upto 2 TB17.13 cm (6.745 inch) HD+ Display50MP Rear Camera | 8MP Front Camera5000 mAh BatteryT612 Processor1 Year Manufacturer Warranty for Device and 6 Months Manufacturer Warranty for Inbox Accessories,4.3
7,"realme Narzo N61 (Voyage Blue, 128 GB)","₹8,198",6 GB RAM | 128 GB ROM17.12 cm (6.74 inch) Display32MP Rear Camera5000 mAh Battery1 Year,4.2
8,"POCO M6 5G (Polaris Green, 64 GB)","₹8,499",4 GB RAM | 64 GB ROM | Expandable Upto 1 TB17.12 cm (6.74 inch) HD+ Display50MP Rear Camera | 5MP Front Camera5000 mAh BatteryMediatek Dimensity 6100+ Processor1 Year Manufacturer Warranty for Phone and 6 Months Warranty for In the Box Accessories,4.2
9,"realme C63 (Jade Green, 128 GB)","₹8,999",4 GB RAM | 128 GB ROM | Expandable Upto 2 TB17.13 cm (6.745 inch) HD+ Display50MP Rear Camera | 8MP Front Camera5000 mAh BatteryT612 Processor1 Year Manufacturer Warranty for Device and 6 Months Manufacturer Warranty for Inbox Accessories,4.3
10,"SAMSUNG Galaxy A05 (Silver, 128 GB)","₹8,441",6 GB RAM | 128 GB ROM | Expandable Upto 1 TB17.12 cm (6.74 inch) HD+ Display50MP + 2MP | 8MP Front Camera5000 mAh BatteryHelio G85 Processor1 Year Manufacturer Warranty for Device and 6 Months Manufacturer Warranty for Inbox Accessories,4.2
11,"SAMSUNG Galaxy M14 4G (Arctic Blue, 64 GB)","₹8,450",4 GB RAM | 64 GB ROM16.76 cm (6.6 inch) Display50MP Rear Camera6000 mAh Battery1 year for handset and 6 month for accessories,4.1
12,"REDMI 13C 5G (Startrail Green, 128 GB)","₹8,999",4 GB RAM | 128 GB ROM | Expandable Upto 1 TB17.12 cm (6.74 inch) HD+ Display50MP Rear Camera | 5MP Front Camera5000 mAh BatteryMediatek Dimensity 6100+ Processor1 Year Manufacturer Warranty for Phone and 6 Months Warranty for In the Box Accessories,4.3
13,"REDMI A4 5G only on Jio SIM (Starry Black, 64 GB)","₹8,989",4 GB RAM | 64 GB ROM17.48 cm (6.88 inch) Display50MP Rear Camera5160 mAh Battery1 Year,4.3
14,"REDMI A4 5G only on Jio SIM (Sparkle Purple, 128 GB)","₹9,486",4 GB RAM | 128 GB ROM17.48 cm (6.88 inch) Display50MP Rear Camera5160 mAh Battery1 Year,4.3
15,"realme C63 (Jade Green, 64 GB)","₹8,499",4 GB RAM | 64 GB ROM | Expandable Upto 2 TB17.13 cm (6.745 inch) HD+ Display50MP Rear Camera | 8MP Front Camera5000 mAh BatteryT612 Processor1 Year Manufacturer Warranty for Device and 6 Months Manufacturer Warranty for Inbox Accessories,4.3
16,"realme Narzo N61 (Marble Black, 128 GB)","₹8,199",6 GB RAM | 128 GB ROM17.12 cm (6.74 inch) Display32MP Rear Camera5000 mAh Battery1 Year,4.2
17,"realme C61 (Marble Black, 128 GB)","₹8,762",6 GB RAM | 128 GB ROM | Expandable Upto 2 TB17.13 cm (6.745 inch) HD+ Display32MP Rear Camera | 5MP Front Camera5000 mAh BatteryT612 Processor1 Year Manufacturer Warranty for Device and 6 Months Manufacturer Warranty for Inbox Accessories,4.4
18,"POCO M6 5G (Galactic Black, 64 GB)","₹8,499",4 GB RAM | 64 GB ROM | Expandable Upto 1 TB17.12 cm (6.74 inch) HD+ Display50MP Rear Camera | 5MP Front Camera5000 mAh BatteryMediatek Dimensity 6100+ Processor1 Year Manufacturer Warranty for Phone and 6 Months Warranty for In the Box Accessories,4.2
19,"SAMSUNG Galaxy A05 (Light Green, 128 GB)","₹8,427",6 GB RAM | 128 GB ROM | Expandable Upto 1 TB17.12 cm (6.74 inch) HD+ Display50MP + 2MP | 8MP Front Camera5000 mAh BatteryHelio G85 Processor1 Year Manufacturer Warranty for Device and 6 Months Manufacturer Warranty for Inbox Accessories,4.2
20,"REDMI 13c 5G (Startrail Green, 128 GB)","₹10,680",4 GB RAM | 128 GB ROM17.12 cm (6.74 inch) Display50MP Rear Camera5000 mAh Battery1 Year,4.3
21,"Infinix Hot 50 5G (Vibrant Blue, 128 GB)","₹9,499",4 GB RAM | 128 GB ROM | Expandable Upto 1 TB17.02 cm (6.7 inch) HD+ Display48MP + Depth Sensor | 8MP Front Camera5000 mAh Lithium-ion Polymer BatteryDimensity 6300 Processor1 Year Warranty on Handset and 6 Months Warranty on Accessories,4.3
22,"Infinix Hot 50 5G (Sage Green, 128 GB)","₹9,499",4 GB RAM | 128 GB ROM | Expandable Upto 1 TB17.02 cm (6.7 inch) HD+ Display48MP + Depth Sensor | 8MP Front Camera5000 mAh Lithium-ion Polymer BatteryDimensity 6300 Processor1 Year Warranty on Handset and 6 Months Warranty on Accessories,4.3
23,"realme C63 (Leather Blue, 128 GB)","₹8,999",4 GB RAM | 128 GB ROM | Expandable Upto 2 TB17.13 cm (6.745 inch) HD+ Display50MP Rear Camera | 8MP Front Camera5000 mAh BatteryT612 Processor1 Year Manufacturer Warranty for Device and 6 Months Manufacturer Warranty for Inbox Accessories,4.3
24,"REDMI A4 5G only on Jio SIM (Sparkle Purple, 64 GB)","₹8,935",4 GB RAM | 64 GB ROM17.48 cm (6.88 inch) Display50MP Rear Camera5160 mAh Battery1 Year,4.3
25,"POCO M6 5G (Orion Blue, 64 GB)","₹8,499",4 GB RAM | 64 GB ROM | Expandable Upto 1 TB17.12 cm (6.74 inch) HD+ Display50MP Rear Camera | 5MP Front Camera5000 mAh BatteryMediatek Dimensity 6100+ Processor1 Year Manufacturer Warranty for Phone and 6 Months Warranty for In the Box Accessories,4.2
26,"REDMI A3 (Lake Blue, 128 GB)","₹8,990",6 GB RAM | 128 GB ROM | Expandable Upto 1 TB17.04 cm (6.71 inch) HD+ Display8MP Rear Camera | 5MP Front Camera5000 mAh BatteryMediatek Helio G36 Processor1 Year Manufacturer Warranty for Phone and 6 Months Warranty for In the Box Accessories,4.1
27,"REDMI A4 5G only on Jio SIM (Starry Black, 128 GB)","₹9,434",4 GB RAM | 128 GB ROM17.48 cm (6.88 inch) Display50MP Rear Camera5160 mAh Battery1 Year,4.3
28,"SAMSUNG Galaxy A05 (Silver, 64 GB)","₹7,899",4 GB RAM | 64 GB ROM | Expandable Upto 1 TB17.12 cm (6.74 inch) HD+ Display50MP + 2MP | 8MP Front Camera5000 mAh BatteryHelio G85 Processor1 Year Manufacturer Warranty for Device and 6 Months Manufacturer Warranty for Inbox Accessories,4.4
29,"SAMSUNG Galaxy M14 4G (Sapphire Blue, 64 GB)","₹8,688",4 GB RAM | 64 GB ROM16.76 cm (6.6 inch) Display50MP Rear Camera6000 mAh Battery1 year for handset and 6 month for accessories,4.1
30,"OPPO A3x (Nebula Red, 128 GB)","₹9,999",4 GB RAM | 128 GB ROM | Expandable Upto 1 TB16.94 cm (6.67 inch) HD+ Display8MP Rear Camera | 5MP Front Camera5100 mAh Battery6s 4G Gen1 Processor1 Year Manufacturer Warranty for Device and 6 Months Manufacturer Warranty for Inbox Accessories,4.1
31,"vivo Y18i (Gem Green, 64 GB)","₹7,999",4 GB RAM | 64 GB ROM | Expandable Upto 1 TB16.66 cm (6.56 Inch) Display13MP + 0.08MP | 5MP Front Camera5000 mAh BatteryUNISCO T616 Processor1 Year Manufacturer Warranty for Phone and 6 Months Warranty for In the Box Accessories,4.1
32,"SAMSUNG M05 (Mint Green, 64 GB)","₹7,027",4 GB RAM | 64 GB ROM17.02 cm (6.7 inch) Display50MP Rear Camera5000 mAh Battery1 year manufacturer warranty for device and 6 months manufacturer warranty for in-box accessories including batteries from the date of purchase,4.2
33,"vivo Y18i (Space Black, 64 GB)","₹7,999",4 GB RAM | 64 GB ROM | Expandable Upto 1 TB16.66 cm (6.56 Inch) Display13MP + 0.08MP | 5MP Front Camera5000 mAh BatteryUNISCO T616 Processor1 Year Manufacturer Warranty for Phone and 6 Months Warranty for In the Box Accessories,4.1
34,"Infinix Hot 50 5G (Sleek Black, 128 GB)","₹9,499",4 GB RAM | 128 GB ROM | Expandable Upto 1 TB17.02 cm (6.7 inch) HD+ Display48MP + Depth Sensor | 8MP Front Camera5000 mAh Lithium-ion Polymer BatteryDimensity 6300 Processor1 Year Warranty on Handset and 6 Months Warranty on Accessories,4.3
35,"OPPO A3x 4G (Ocean Blue, 64 GB)","₹9,190",4 GB RAM | 64 GB ROM | Expandable Upto 1 TB16.94 cm (6.67 inch) HD+ Display8MP Rear Camera | 5MP Front Camera5100 mAh BatterySnapdragon® 6s 4G Gen1 Processor1 Year Manufacturer Warranty for Device and 6 Months Manufacturer Warranty for Inbox Accessories,4.2
36,"POCO C65 (Pastel Blue, 128 GB)","₹8,499",4 GB RAM | 128 GB ROM | Expandable Upto 1 TB17.12 cm (6.74 inch) HD+ Display50MP + AI Lens + 2MP | 8MP Front Camera5000 mAh BatteryHelio G85 Processor1 Year Manufacturer Warranty for Phone and 6 Months Warranty for in the Box Accessories,4.3
37,"Infinix Hot 50 5G (Dreamy Purple, 128 GB)","₹9,499",4 GB RAM | 128 GB ROM | Expandable Upto 1 TB17.02 cm (6.7 inch) HD+ Display48MP + Depth Sensor | 8MP Front Camera5000 mAh Lithium-ion Polymer BatteryDimensity 6300 Processor1 Year Warranty on Handset and 6 Months Warranty on Accessories,4.3
38,"POCO C65 (Pastel Blue, 128 GB)","₹9,499",6 GB RAM | 128 GB ROM | Expandable Upto 1 TB17.12 cm (6.74 inch) HD+ Display50MP + AI Lens + 2MP | 8MP Front Camera5000 mAh BatteryHelio G85 Processor1 Year Manufacturer Warranty for Phone and 6 Months Warranty for in the Box Accessories,4.2
39,"POCO C61 (Diamond Dust Black, 128 GB)","₹8,499",6 GB RAM | 128 GB ROM | Expandable Upto 1 TB17.04 cm (6.71 inch) HD+ Display8MP Rear Camera | 5MP Front Camera5000 mAh BatteryHelio G36 Processor1 Year Manufacturer Warranty for Phone and 6 Months Warranty for In the Box Accessories,4.2
40,"REDMI A1 (Light Blue, 32 GB)","₹6,960",2 GB RAM | 32 GB ROM16.56 cm (6.52 inch) Display5MP Rear Camera5000 mAh Battery12 months,4.2
41,"SAMSUNG Galaxy A05 (Black, 128 GB)","₹12,499",6 GB RAM | 128 GB ROM | Expandable Upto 1 TB17.12 cm (6.74 inch) HD+ Display50MP + 2MP | 8MP Front Camera5000 mAh BatteryHelio G85 Processor1 Year Manufacturer Warranty for Device and 6 Months Manufacturer Warranty for Inbox Accessories,4.2
42,"POCO C65 (Matte Black, 128 GB)","₹8,499",4 GB RAM | 128 GB ROM | Expandable Upto 1 TB17.12 cm (6.74 inch) HD+ Display50MP + AI Lens + 2MP | 8MP Front Camera5000 mAh BatteryHelio G85 Processor1 Year Manufacturer Warranty for Phone and 6 Months Warranty for in the Box Accessories,4.3
43,"LAVA Yuva 5G (Mystic Green, 64 GB)","₹8,688",4 GB RAM | 64 GB ROM | Expandable Upto 512 GB16.59 cm (6.53 inch) HD+ Display50MP Rear Camera5000 mAh BatteryUnisoc T750 Processor1 year manufacturer Warranty,4.2
44,"REDMI 14C 5G (Stargaze Black, 64 GB)","₹9,999",4 GB RAM | 64 GB ROM | Expandable Upto 1 TB17.48 cm (6.88 inch) HD+ Display50MP Rear Camera | 8MP Front Camera5160 mAh Battery4 Gen 2 5G Processor1 Year Manufacturer Warranty for Phone and 6 Months Warranty for In the Box Accessories,4
45,"Infinix SMART 8 (Timber Black, 128 GB)","₹9,999",8 GB RAM | 128 GB ROM | Expandable Upto 2 TB16.76 cm (6.6 inch) HD+ Display50MP + AI Lens | 8MP Front Camera5000 mAh BatteryHelio G36 Processor1 Year on Handset and 6 Months on Accessories,4.3
46,"REDMI 14C 5G (Stardust Purple, 64 GB)","₹9,999",4 GB RAM | 64 GB ROM | Expandable Upto 1 TB17.48 cm (6.88 inch) HD+ Display50MP Rear Camera | 8MP Front Camera5160 mAh Battery4 Gen 2 5G Processor1 Year Manufacturer Warranty for Phone and 6 Months Warranty for In the Box Accessories,4
47,"OPPO A3s (Nebula Red, 64 GB)","₹8,999",4 GB RAM | 64 GB ROM | Expandable Upto 1 TB16.94 cm (6.67 inch) Full HD+ Display13MP + 50MP + 8MP | 5MP + 5MP Dual Front Camera5100 mAh Battery6s 4G Gen1 Processor1 Year Manufacturer Warranty for Device and 6 Months Manufacturer Warranty for Inbox Accessories,4.3
48,"SAMSUNG Galaxy A05 (Light Green, 64 GB)","₹7,699",4 GB RAM | 64 GB ROM | Expandable Upto 1 TB17.12 cm (6.74 inch) HD+ Display50MP + 2MP | 8MP Front Camera5000 mAh BatteryHelio G85 Processor1 Year Manufacturer Warranty for Device and 6 Months Manufacturer Warranty for Inbox Accessories,4.4
49,"POCO C61 (Ethereal Blue, 128 GB)","₹8,499",6 GB RAM | 128 GB ROM | Expandable Upto 1 TB17.04 cm (6.71 inch) HD+ Display8MP Rear Camera | 5MP Front Camera5000 mAh BatteryHelio G36 Processor1 Year Manufacturer Warranty for Phone and 6 Months Warranty for In the Box Accessories,4.2
50,"realme Narzo N63 4G (Twilight Purple, 128 GB)","₹9,499",4 GB RAM | 128 GB ROM17.12 cm (6.74 inch) Display50MP Rear Camera5000 mAh BatteryDomestic Warranty  1 year for handset and 6 months for accessories.,4.1
51,"REDMI A1 (Black, 32 GB)","₹6,999",2 GB RAM | 32 GB ROM16.56 cm (6.52 inch) Display5MP Rear Camera | 5MP Front Camera5000 mAh Battery12 months,4.2
52,"Motorola g31 (Meteorite Grey, 64 GB)","₹11,999",4 GB RAM | 64 GB ROM | Expandable Upto 1 TB16.26 cm (6.4 inch) Full HD+ Display50MP + 8MP + 2MP | 13MP Front Camera5000 mAh LiPo BatteryMediatek Helio G85 Processor1 Year on Handset and 6 Months on Accessories,4.2
53,"SAMSUNG Galaxy A14 5G (Black, 64 GB)","₹9,499",4 GB RAM | 64 GB ROM | Expandable Upto 1 TB16.76 cm (6.6 inch) Full HD+ Display50MP + 2MP + 2MP | 13MP Front Camera5000 mAh Lithium Ion BatteryExynos 1330 Processor1 Year Manufacturer Warranty for Device and 6 Months Manufacturer Warranty for In-Box Accessories,4.2
54,"POCO C51 (Power Black, 128 GB)","₹8,999",6 GB RAM | 128 GB ROM | Expandable Upto 1 TB16.56 cm (6.52 inch) HD+ Display8MP Rear Camera | 5MP Front Camera5000 mAh Lithium Polymer BatteryHelio G36 Processor1 Year Manufacturer Warranty for Phone and 6 Months Warranty for In the Box Accessories,4.1
55,"Infinix HOT 40i (Horizon Gold, 256 GB)","₹9,999",8 GB RAM | 256 GB ROM | Expandable Upto 2 TB16.76 cm (6.6 inch) HD+ Display50MP + AI Lens | 32MP Front Camera5000 mAh BatteryUnisoc T606 Processor1 Year on Handset and 6 Months on Accessories,4.1
56,"REDMI 10A (Slate grey, 64 GB)","₹7,780",4 GB RAM | 64 GB ROM16.59 cm (6.53 inch) Display13MP Rear Camera5000 mAh Battery1 Year Manufacturer Warranty for Handset and 6 Months Warranty for In the Box Accessories,4.2
57,"vivo Y18t (Gem Green, 128 GB)","₹9,499",4 GB RAM | 128 GB ROM | Expandable Upto 1 TB16.66 cm (6.56 inch) Display50MP + 0.08MP | 8MP Front Camera5000 mAh BatteryT612 Processor1 Year Manufacturer Warranty for Device and 6 Months for Inbox Accessories,4.2
58,"realme NARZO N63 (Leather Blue, 64 GB)","₹8,479",4 GB RAM | 64 GB ROM17.12 cm (6.74 inch) Display50MP Rear Camera5000 mAh Battery1 year manufacture warranty,4.3
59,"SAMSUNG Galaxy F12 (Celestial Black, 64 GB)","₹10,499",4 GB RAM | 64 GB ROM | Expandable Upto 512 GB16.55 cm (6.515 inch) HD+ Display48MP + 5MP + 2MP + 2MP | 8MP Front Camera6000 mAh Lithium-ion BatteryExynos 850 Processor1 Year Warranty Provided by the Manufacturer from Date of Purchase,4.3
60,"realme C51 (Mint Green, 128 GB)","₹9,499",4 GB RAM | 128 GB ROM | Expandable Upto 2 TB17.12 cm (6.74 inch) HD Display50MP + 0.08MP | 5MP Front Camera5000 mAh BatteryT612 Processor1 Year Manufacturer Warranty for Phone and 6 Months Warranty for In the Box Accessories,4.3
61,"REDMI 10 (Midnight Black, 128 GB)","₹12,999",6 GB RAM | 128 GB ROM | Expandable Upto 1 TB17.02 cm (6.7 inch) HD+ Display50MP + 2MP | 5MP Front Camera6000 mAh Lithium Polymer BatteryQualcomm Snapdragon 680 Processor1 Year Warranty for Phone and 6 Months Warranty for In-Box Accessories,4.2
62,"REDMI 10 (Pacific Blue, 64 GB)","₹10,999",4 GB RAM | 64 GB ROM | Expandable Upto 1 TB17.02 cm (6.7 inch) HD+ Display50MP + 2MP | 5MP Front Camera6000 mAh Lithium Polymer BatteryQualcomm Snapdragon 680 Processor1 Year Warranty for Phone and 6 Months Warranty for In-Box Accessories,4.3
63,"LAVA Blaze 5G (Glass Blue, 128 GB)","₹9,999",6 GB RAM | 128 GB ROM | Expandable Upto 1 TB16.51 cm (6.5 inch) HD+ Display50MP + 2MP | 8MP Front Camera5000 mAh BatteryMediaTek Dimensity 700 Processor1 Year Handset Warranty and 6 Months Warranty on Accessories,4.1
64,"LAVA Blaze 5G (Glass Green, 128 GB)","₹9,999",6 GB RAM | 128 GB ROM | Expandable Upto 1 TB16.51 cm (6.5 inch) HD+ Display50MP + 2MP | 8MP + 8MP Dual Front Camera5000 mAh BatteryMediaTek Dimensity 700 Processor1 Year Handset Warranty and 6 Months Warranty on Accessories,4.1
65,"itel P 55 5G (Mint Green, 128 GB)","₹9,049",6 GB RAM | 128 GB ROM | Expandable Upto 1 TB16.76 cm (6.6 inch) HD+ Display50MP + 5MP | 8MP Front Camera5000 mAh BatteryMediatek Dimensity 6080 ProcessorDomestic Warranty 1 year for handset and 6 months for accessories.,4.2
66,"realme C25Y (Metal Grey, 128 GB)","₹8,499",4 GB RAM | 128 GB ROM | Expandable Upto 256 GB16.51 cm (6.5 inch) HD+ Display50MP + 2MP + 2MP | 8MP Front Camera5000 mAh BatteryUnisoc T610 Octa Core Processor1 Year Warranty for Mobile and 6 Months for Accessories,4.4
67,"Tecno Spark 30C 5G (Midnight Shadow, 64 GB)","₹9,997",4 GB RAM | 64 GB ROM | Expandable Upto 1 TB16.94 cm (6.67 inch) HD Display48MP Rear Camera | 8MP Front Camera5000 mAh BatteryMediatek D6300 Processor12 months manufacturer Warranty,4.3
68,"POCO M6 5G (Orion Blue, 128 GB)","₹9,999",4 GB RAM | 128 GB ROM | Expandable Upto 1 TB17.12 cm (6.74 inch) HD+ Display50MP Rear Camera | 5MP Front Camera5000 mAh BatteryMediatek Dimensity 6100+ Processor1 Year Manufacturer Warranty for Phone and 6 Months Warranty for In the Box Accessories,4.2
69,"POCO M6 5G (Polaris Green, 128 GB)","₹9,999",4 GB RAM | 128 GB ROM | Expandable Upto 1 TB17.12 cm (6.74 inch) HD+ Display50MP Rear Camera | 5MP Front Camera5000 mAh BatteryMediatek Dimensity 6100+ Processor1 Year Manufacturer Warranty for Phone and 6 Months Warranty for In the Box Accessories,4.2
70,"vivo Y22 (Metaverse Green, 128 GB)","₹13,499",4 GB RAM | 128 GB ROM | Expandable Upto 1 TB16.64 cm (6.55 inch) HD+ Display50MP + 2MP | 8MP Front Camera5000 mAh Lithium BatteryMediatek Helio G70 Processor1 Year of Device & 6 Months for In-Box Accessories,4.3
71,"REDMI 13C (Starshine Green, 128 GB)","₹9,999",6 GB RAM | 128 GB ROM | Expandable Upto 1 TB17.12 cm (6.74 inch) HD+ Display50MP Rear Camera | 8MP Front Camera5000 mAh BatteryHelio G85 Processor1 Year Manufacturer Warranty for Phone and 6 Months Warranty for In the Box Accessories,4.2
72,"vivo Y22 (Metaverse Green, 128 GB)","₹13,499",4 GB RAM | 128 GB ROM | Expandable Upto 1 TB16.64 cm (6.55 inch) HD+ Display50MP + 2MP | 8MP Front Camera5000 mAh Lithium BatteryMediatek Helio G70 Processor1 Year of Device & 6 Months for In-Box Accessories,4.3
73,"REDMI 13C (Starshine Green, 128 GB)","₹9,999",6 GB RAM | 128 GB ROM | Expandable Upto 1 TB17.12 cm (6.74 inch) HD+ Display50MP Rear Camera | 8MP Front Camera5000 mAh BatteryHelio G85 Processor1 Year Manufacturer Warranty for Phone and 6 Months Warranty for In the Box Accessories,4.2
74,"vivo Y18e (Gem Green, 64 GB)","₹8,399",4 GB RAM | 64 GB ROM | Expandable Upto 1 TB16.66 cm (6.56 inch) Display13MP + 0.08MP | 5MP Front Camera5000 mAh BatteryHelios G85 Processor1 Year Manufacturer Warranty for Device and 6 Months Manufacturer Warranty for Inbox Accessories,4.2
75,"Infinix SMART 8 (Rainbow Blue, 128 GB)","₹8,999",8 GB RAM | 128 GB ROM | Expandable Upto 2 TB16.76 cm (6.6 inch) HD+ Display50MP + AI Lens | 8MP Front Camera5000 mAh BatteryHelio G36 Processor1 Year on Handset and 6 Months on Accessories,4.3
76,"SAMSUNG Galaxy A14 5G (Dark Red, 64 GB)","₹9,499",4 GB RAM | 64 GB ROM | Expandable Upto 1 TB16.76 cm (6.6 inch) Full HD+ Display50MP + 2MP + 2MP | 13MP Front Camera5000 mAh Lithium Ion BatteryExynos 1330 Processor1 Year Manufacturer Warranty for Device and 6 Months Manufacturer Warranty for In-Box Accessories,4.2
77,"POCO M6 5G (Galactic Black, 128 GB)","₹9,999",4 GB RAM | 128 GB ROM | Expandable Upto 1 TB17.12 cm (6.74 inch) HD+ Display50MP Rear Camera | 5MP Front Camera5000 mAh BatteryMediatek Dimensity 6100+ Processor1 Year Manufacturer Warranty for Phone and 6 Months Warranty for In the Box Accessories,4.2
78,"REDMI 11 Prime (Flashy Black, 128 GB)","₹10,499",6 GB RAM | 128 GB ROM | Expandable Upto 512 GB16.71 cm (6.58 inch) Full HD+ Display50MP + 2MP + 2MP | 8MP Front Camera5000 mAh BatteryHelio G99 Processor1 Year Manufacturer Warranty for Phone and 6 Months Warranty for In the Box Accessories,4.3
79,"REDMI A2+ (?Aqua Blue, 64 GB)","₹8,399",4 GB RAM | 64 GB ROM16.56 cm (6.52 inch) Display8MP Rear Camera5000 mAh Battery2 year domestic,4.1
80,"realme Narzo N63 4G (Twilight Purple, 64 GB)","₹9,999",4 GB RAM | 64 GB ROM17.12 cm (6.74 inch) Display50MP Rear Camera5000 mAh BatteryDomestic Warranty  1 year for handset and 6 months for accessories.,4.1
81,"REDMI A3 (Lake Blue, 128 GB)","₹8,399",6 GB RAM | 128 GB ROM | Expandable Upto 1 TB17.04 cm (6.71 inch) HD+ Display8MP Rear Camera | 5MP Front Camera5000 mAh BatteryMediatek Helio G36 Processor1 Year Manufacturer Warranty for Phone and 6 Months Warranty for In the Box Accessories,4.1
82,"vivo Y18 (Space Black, 64 GB)","₹8,990",4 GB RAM | 64 GB ROM | Expandable Upto 1 TB16.66 cm (6.56 inch) Display50MP + 0.08MP | 8MP Front Camera5000 mAh BatteryHelios G85 Processor1 Year Manufacturer Warranty for Device and 6 Months Manufacturer Warranty for Inbox Accessories,4.1
83,"REDMI 10A SPORT (SEA BLUE, 128 GB)","₹9,190",6 GB RAM | 128 GB ROM16.59 cm (6.53 inch) Display13MP Rear Camera5000 mAh Battery12 Months Warranty,4.1
84,"realme Narzo 50A Prime (Flash Blue, 64 GB)","₹8,699",4 GB RAM | 64 GB ROM | Expandable Upto 512 GB16.76 cm (6.6 inch) Full HD+ Display50MP Rear Camera | 8MP Front Camera5000 mAh Battery1 Year Manufacturer Warranty for Phone and 6 Months Warranty for In-Box Accessories,4.1
85,"Motorola g22 (Cosmic Black, 64 GB)","₹10,999",4 GB RAM | 64 GB ROM | Expandable Upto 1 TB16.51 cm (6.5 inch) HD+ Display50MP + 8MP + 2MP + 2MP | 16MP Front Camera5000 mAh Lithium Ion BatteryMediatek Helio G37 Processor1 Year on Handset and 6 Months on Accessories,3.8
86,"realme C25Y (Metal Grey, 64 GB)","₹8,999",4 GB RAM | 64 GB ROM | Expandable Upto 256 GB16.51 cm (6.5 inch) HD+ Display50MP + 2MP + 2MP | 8MP Front Camera5000 mAh BatteryUnisoc T610 Octa Core Processor1 Year Warranty for Mobile and 6 Months for Accessories,4.4
87,"REDMI 9i Sport (Carbon Black, 64 GB)","₹8,999",4 GB RAM | 64 GB ROM | Expandable Upto 512 GB16.59 cm (6.53 inch) HD+ Display13MP Rear Camera | 5MP Front Camera5000 mAh Li-Polymer BatteryMediaTek Helio G25 ProcessorBrand Warranty of 1 Year Available for Mobile and 6 Months for Accessories,4.3
88,"REDMI A1+ (Light Green, 32 GB)","₹7,490",2 GB RAM | 32 GB ROM | Expandable Upto 512 GB16.56 cm (6.52 inch) HD+ Display8MP Rear Camera | 5MP Front Camera5000 mAh Lithium Polymer BatteryMediatek Helio A22 Processor1 Year Manufacturer Warranty for Phone and 6 Months Warranty for in the Box Accessories,4.2
89,"LAVA O2 (Imperial Green, 128 GB)","₹8,999",8 GB RAM | 128 GB ROM16.51 cm (6.5 inch) Display50MP Rear Camera5000 mAh Battery1 Year Manufacturer Warranty for Phone and 6 Months Warranty for In the Box Accessories,4.1
90,"realme 5 (Crystal Blue, 64 GB)","₹9,990",4 GB RAM | 64 GB ROM | Expandable Upto 256 GB16.51 cm (6.5 inch) HD+ Display12MP + 8MP + 2MP + 2MP Quad Camera | 13MP Front Camera5000 mAH BatteryQualcomm Snapdragon 665 2 GHz ProcessorFingerprintBrand Warranty of 1 Year Available for Mobile and 6 Months for Accessories,4.4
91,"REDMI A2+ (Sea Green, 128 GB)","₹8,198","4 GB RAM | 128 GB ROM | Expandable Upto 1 TB16.56 cm (6.52 inch) HD+ Display8MP + 8MP | 5MP + 5MP Dual Front Camera5000 mAh BatteryOCTA CORE Processor1 Year and 6 months for Battery,Accessories",4.1
92,"SAMSUNG Galaxy A06 (Light Blue, 64 GB)","₹9,499",4 GB RAM | 64 GB ROM | Expandable Upto 1 TB17.02 cm (6.7 inch) HD+ Display50MP + 2MP | 8MP Front Camera5000 mAh BatteryMediatek Helio G85 Processor1 Year Manufacturer Warranty for Device and 6 Months for In-Box Accessories,4.2
93,"SAMSUNG Galaxy A06 (Black, 64 GB)","₹9,499",4 GB RAM | 64 GB ROM | Expandable Upto 1 TB17.02 cm (6.7 inch) HD+ Display50MP + 2MP | 8MP Front Camera5000 mAh BatteryMediatek Helio G85 Processor1 Year Manufacturer Warranty for Device and 6 Months for In-Box Accessories,4.2
94,"realme 8i (Space Black, 64 GB)","₹11,499",4 GB RAM | 64 GB ROM | Expandable Upto 256 GB16.76 cm (6.6 inch) Full HD+ Display50MP + 2MP + 2MP | 16MP Front Camera5000 mAh BatteryMediaTek Helio G96 Processor1 Year Warranty for Mobile and 6 Months for Accessories,4.5
95,"REDMI 12 (Pastel Blue, 128 GB)","₹9,499",4 GB RAM | 128 GB ROM | Expandable Upto 1 TB17.25 cm (6.79 inch) Full HD+ Display50MP + 8MP + 2MP | 8MP Front Camera5000 mAh BatteryHelio G88 Processor1 Year Manufacturer Warranty for Phone and 6 Months Warranty for in the Box Accessories,4.3
96,"vivo Y18t (Space Black, 128 GB)","₹9,499",4 GB RAM | 128 GB ROM | Expandable Upto 1 TB16.66 cm (6.56 inch) Display50MP + 0.08MP | 8MP Front Camera5000 mAh BatteryT612 Processor1 Year Manufacturer Warranty for Device and 6 Months for Inbox Accessories,4.2
97,"POCO C55 (Power Black, 64 GB)","₹9,499",4 GB RAM | 64 GB ROM | Expandable Upto 1 TB17.04 cm (6.71 inch) HD+ Display50MP Dual Rear Camera | 5MP Front Camera5000 mAh BatteryMediatek Helio G85 Processor1 Year Manufacturer Warranty for Phone and 6 Months Warranty for In the Box Accessories,4.2
98,"SAMSUNG Galaxy M04 (Light Green, 64 GB)","₹9,999",4 GB RAM | 64 GB ROM16.51 cm (6.5 inch) HD+ Display13MP + 2MP | 5MP Front Camera5000 mAh BatteryMediaTek Helio P35 Processor1 year manufacturer warranty for device and 6 months manufacturer warranty for in-box accessories including batteries from the date of purchase,4.1
99,"realme NARZO 50A PRIME (FLASH BLUE, 64 GB)","₹8,533",4 GB RAM | 64 GB ROM16.76 cm (6.6 inch) Display50MP Rear Camera | 8MP Front Camera5000 mAh Battery1 YEAR ON MOBILE AND 6 MONTHS FOR ACCESORIES,4.1
100,"Redmi Note 6 Pro (Blue, 64 GB)","₹9,499",4 GB RAM | 64 GB ROM | Expandable Upto 256 GB15.9 cm (6.26 inch) Full HD+ Display12MP + 5MP | 20MP + 2MP Dual Front Camera4000 mAh Li-polymer BatteryQualcomm Snapdragon 636 ProcessorBrand Warranty of 1 Year Available for Mobile and 6 Months for Accessories,4.5
101,"realme C51 (Carbon Black, 64 GB)","₹8,999",4 GB RAM | 64 GB ROM | Expandable Upto 2 TB17.12 cm (6.74 inch) HD Display50MP + 0.08MP | 5MP Front Camera5000 mAh BatteryT612 Processor1 Year Manufacturer Warranty for Phone and 6 Months Warranty for In the Box Accessories,4.3
102,"LAVA O2 (Royal Gold, 128 GB)","₹8,999",8 GB RAM | 128 GB ROM16.51 cm (6.5 inch) Display50MP Rear Camera5000 mAh Battery1 Year Manufacturer Warranty for Phone and 6 Months Warranty for In the Box Accessories,4.1
103,"REDMI 10A SPORT (SLATE GREY, 128 GB)","₹8,990",6 GB RAM | 128 GB ROM16.59 cm (6.53 inch) Display13MP Rear Camera5000 mAh Battery12 Months Warranty,4.1
104,"SAMSUNG Galaxy F12 (Sky Blue, 64 GB)","₹10,499",4 GB RAM | 64 GB ROM | Expandable Upto 512 GB16.55 cm (6.515 inch) HD+ Display48MP + 5MP + 2MP + 2MP | 8MP Front Camera6000 mAh Lithium-ion BatteryExynos 850 Processor1 Year Warranty Provided by the Manufacturer from Date of Purchase,4.3
105,"realme Narzo 50A Prime (Flash Black, 64 GB)","₹13,499",4 GB RAM | 64 GB ROM | Expandable Upto 512 GB16.76 cm (6.6 inch) Full HD+ Display50MP Rear Camera | 8MP Front Camera5000 mAh Battery1 Year Manufacturer Warranty for Phone and 6 Months Warranty for In-Box Accessories,4.1
106,"REDMI 10 (Midnight Black, 64 GB)","₹10,999",4 GB RAM | 64 GB ROM | Expandable Upto 1 TB17.02 cm (6.7 inch) HD+ Display50MP + 2MP | 5MP Front Camera6000 mAh Lithium Polymer BatteryQualcomm Snapdragon 680 Processor1 Year Warranty for Phone and 6 Months Warranty for In-Box Accessories,4.3
107,"realme C51 (Mint Green, 64 GB)","₹8,999",4 GB RAM | 64 GB ROM | Expandable Upto 2 TB17.12 cm (6.74 inch) HD Display50MP + 0.08MP | 5MP Front Camera5000 mAh BatteryT612 Processor1 Year Manufacturer Warranty for Phone and 6 Months Warranty for In the Box Accessories,4.3
108,"REDMI 10 (Caribbean Green, 128 GB)","₹12,999",6 GB RAM | 128 GB ROM | Expandable Upto 1 TB17.02 cm (6.7 inch) HD+ Display50MP + 2MP | 5MP Front Camera6000 mAh Lithium Polymer BatteryQualcomm Snapdragon 680 Processor1 Year Warranty for Phone and 6 Months Warranty for In-Box Accessories,4.2
109,"REDMI 13C (Starfrost White, 128 GB)","₹9,999",6 GB RAM | 128 GB ROM | Expandable Upto 1 TB17.12 cm (6.74 inch) HD+ Display50MP Rear Camera | 8MP Front Camera5000 mAh BatteryHelio G85 Processor1 Year Manufacturer Warranty for Phone and 6 Months Warranty for In the Box Accessories,4.2
110,"vivo Y18 (Gem Green, 64 GB)","₹8,979",4 GB RAM | 64 GB ROM | Expandable Upto 1 TB16.66 cm (6.56 inch) HD+ Display50MP + 0.08MP | 8MP Front Camera5000 mAh BatteryHelios G85 Processor1 Year Manufacturer Warranty for Device and 6 Months Manufacturer Warranty for Inbox Accessories,4.1
111,"REDMI 12C (Matte Black, 128 GB)","₹8,999",4 GB RAM | 128 GB ROM | Expandable Upto 1 TB17.04 cm (6.71 inch) HD+ Display50MP Rear Camera | 5MP Front Camera5000 mAh BatteryHelio G85 Processor1 Year Manufacturer Warranty for Phone and 6 Months Warranty for In the Box Accessories,4.2
112,"POCO C65 (Pastel Green, 128 GB)","₹9,499",6 GB RAM | 128 GB ROM | Expandable Upto 1 TB17.12 cm (6.74 inch) HD+ Display50MP + AI Lens + 2MP | 8MP Front Camera5000 mAh BatteryHelio G85 Processor1 Year Manufacturer Warranty for Phone and 6 Months Warranty for in the Box Accessories,4.2
113,"Redmi 9 (Carbon Black, 64 GB)","₹9,999",4 GB RAM | 64 GB ROM16.59 cm (6.53 inch) HD+ Display13MP + 2MP | 5MP Front Camera5000 mAh BatteryMediaTek Helio G35 Processor1 year manufacturer warranty for device and 6 months manufacturer warranty for in-box accessories including batteries from the date of purchase,4.3
114,"REDMI 9i (Sea Blue, 64 GB)","₹8,999",4 GB RAM | 64 GB ROM | Expandable Upto 512 GB16.59 cm (6.53 inch) HD+ Display13MP Rear Camera | 5MP Front Camera5000 mAh Lithium Polymer BatteryMediaTek Helio G25 ProcessorBrand Warranty of 1 Year Available for Mobile and 6 Months for Accessories,4.3
115,"REDMI 12C (Royal Blue, 128 GB)","₹9,190",4 GB RAM | 128 GB ROM | Expandable Upto 1 TB17.04 cm (6.71 inch) HD+ Display50MP Rear Camera | 5MP Front Camera5000 mAh BatteryHelio G85 Processor1 Year Manufacturer Warranty for Phone and 6 Months Warranty for In the Box Accessories,4.2
116,"LAVA Blaze 2 5G with Dual Sim|50MP Rear Camera|5000 mAh Battery|Expandable Upto 1 TB (Glass Black, 64 ...","₹9,499",4 GB RAM | 64 GB ROM16.66 cm (6.56 inch) Full HD+ Display50MP Rear Camera5000 mAh Battery1 Year Handset Warranty and 6 Months Warranty on Accessories,4.2
117,"realme 3i (Diamond Blue, 32 GB)","₹7,890",3 GB RAM | 32 GB ROM | Expandable Upto 256 GB15.8 cm (6.22 inch) HD+ Display13MP + 2MP | 13MP Front Camera4230 mAh BatteryMediaTek Helio P60 Octa Core 2.0 GHz ProcessorTriple Slots (Dual SIM + Memory Card)Fingerprint Sensor and Face UnlockBrand Warranty of 1 Year Available for Mobile and 6 Months for Accessories,4.5
118,"REDMI 12C (Lavender Purple, 128 GB)","₹9,974",4 GB RAM | 128 GB ROM | Expandable Upto 1 TB17.04 cm (6.71 inch) HD+ Display50MP Rear Camera | 5MP Front Camera5000 mAh BatteryHelio G85 Processor1 Year Manufacturer Warranty for Phone and 6 Months Warranty for In the Box Accessories,4.2
119,"Infinix SMART 8 (Galaxy White, 64 GB)","₹8,499",4 GB RAM | 64 GB ROM | Expandable Upto 2 TB16.76 cm (6.6 inch) HD+ Display50MP + AI Lens | 8MP Front Camera5000 mAh BatteryHelio G36 Processor1 Year on Handset and 6 Months on Accessories,4.3
120,"SAMSUNG Galaxy A06 (Gold, 64 GB)","₹9,499",4 GB RAM | 64 GB ROM | Expandable Upto 1 TB17.02 cm (6.7 inch) HD+ Display50MP + 2MP | 8MP Front Camera5000 mAh BatteryMediatek Helio G85 Processor1 Year Manufacturer Warranty for Device and 6 Months for In-Box Accessories,4.2
121,"OPPO A18 (Glowing Black, 128 GB)","₹9,499",4 GB RAM | 128 GB ROM16.66 cm (6.56 inch) HD+ Display8MP + 2MP | 5MP Front Camera5000 mAh BatteryHelio G85 Processor1 Year Manufacturer Warranty for Phone and 6 Months Warranty for In the Box Accessories,4.3
122,"OPPO A18 (Glowing Black, 64 GB)","₹9,499",4 GB RAM | 64 GB ROM16.66 cm (6.56 inch) HD+ Display8MP + 2MP | 5MP Front Camera5000 mAh BatteryHelio G85 Processor1 Year Manufacturer Warranty for Phone and 6 Months Warranty for In the Box Accessories,4.3
123,"Infinix Smart 4 Plus (Violet, 32 GB)","₹9,999",3 GB RAM | 32 GB ROM | Expandable Upto 256 GB17.32 cm (6.82 inch) HD+ Display13MP + Depth Sensor | 8MP Front Camera6000 mAh Lithium-ion Polymer BatteryMediatek Helio A25 Processor1 Year on Handset and 6 Months on Accessories,4.4
124,"realme NARZO 50A PRIME (FLASH BLUE, 64 GB)","₹8,533",4 GB RAM | 64 GB ROM16.76 cm (6.6 inch) Display50MP Rear Camera | 8MP Front Camera5000 mAh Battery1 YEAR ON MOBILE AND 6 MONTHS FOR ACCESORIES,4.1
125,"itel S24 (Dawn White, 128 GB)","₹9,911",16 GB RAM | 128 GB ROM16.76 cm (6.6 inch) Full HD+ Display108MP Rear Camera5000 mAh BatteryDomestic Warranty 1Year For Handset And 6 Month For Accessories.,4.2
126,"Infinix Smart 4 Plus (Ocean Wave, 32 GB)","₹9,999",3 GB RAM | 32 GB ROM | Expandable Upto 256 GB17.32 cm (6.82 inch) HD+ Display13MP + Depth Sensor | 8MP Front Camera6000 mAh Lithium-ion Polymer BatteryMediatek Helio A25 Processor1 Year on Handset and 6 Months on Accessories,4.4
127,"Redmi Note 6 Pro (Blue, 64 GB)","₹9,499",4 GB RAM | 64 GB ROM | Expandable Upto 256 GB15.9 cm (6.26 inch) Full HD+ Display12MP + 5MP | 20MP + 2MP Dual Front Camera4000 mAh Li-polymer BatteryQualcomm Snapdragon 636 ProcessorBrand Warranty of 1 Year Available for Mobile and 6 Months for Accessories,4.5
128,"SAMSUNG Galaxy J6 (Black, 64 GB)","₹9,999",4 GB RAM | 64 GB ROM | Expandable Upto 256 GB14.22 cm (5.6 inch) HD+ Display13MP Rear Camera | 8MP Front Camera3000 mAh BatteryExynos 7870 ProcessorBrand Warranty of 1 Year Available for Mobile and 6 Months for Accessories,4.5
129,"Infinix Smart 4 Plus (Midnight Black, 32 GB)","₹9,999",3 GB RAM | 32 GB ROM | Expandable Upto 256 GB17.32 cm (6.82 inch) HD+ Display13MP + Depth Sensor | 8MP Front Camera6000 mAh Lithium-ion Polymer BatteryMediatek Helio A25 Processor1 Year on Handset and 6 Months on Accessories,4.4
130,"Infinix Smart 4 Plus (Quetzal Cyan, 32 GB)","₹9,999",3 GB RAM | 32 GB ROM | Expandable Upto 256 GB17.32 cm (6.82 inch) HD+ Display13MP + Depth Sensor | 8MP Front Camera6000 mAh Lithium-ion Polymer BatteryMediatek Helio A25 Processor1 Year on Handset and 6 Months on Accessories,4.4
131,"Redmi Note 6 Pro (Black, 64 GB)","₹9,399",4 GB RAM | 64 GB ROM | Expandable Upto 256 GB15.9 cm (6.26 inch) Full HD+ Display12MP + 5MP | 20MP + 2MP Dual Front Camera4000 mAh Li-polymer BatteryQualcomm Snapdragon 636 ProcessorBrand Warranty of 1 Year Available for Mobile and 6 Months for Accessories,4.5
132,"REDMI 11 Prime 5G (Thunder Black, 64 GB)","₹9,990",4 GB RAM | 64 GB ROM16.71 cm (6.58 inch) Display50MP Rear Camera5000 mAh Battery1 Year Warranty,4.2
133,"REDMI 10 Prime 2022 (Phantom Black, 64 GB)","₹10,499",4 GB RAM | 64 GB ROM16.51 cm (6.5 inch) Display50MP Rear Camera6000 mAh Battery12 Months,4.2
134,"REDMI A2+ (?Aqua Blue, 64 GB)","₹8,399",4 GB RAM | 64 GB ROM16.56 cm (6.52 inch) Display8MP Rear Camera5000 mAh Battery2 year domestic,4.1
135,"itel A70 (Brilliant Gold, 128 GB)","₹9,490",12 GB RAM | 128 GB ROM16.76 cm (6.6 inch) Display13MP Rear Camera5000 mAh BatteryDomestic Warranty 1 Year For Handset And 6 Month For Accessories.,3.9
136,"Motorola G10 Power (Aurora Grey, 64 GB)","₹10,990",4 GB RAM | 64 GB ROM16.54 cm (6.51 inch) HD+ Display48MP + 8MP + 2MP + 2MP | 8MP Front Camera6000 mAh BatterySnapdragon 460 ProcessorStock Android Experience | Think Shield Security1 Year on Handset and 6 Months on Accessories,4.2
137,"POCO M4 5G (Power Black, 64 GB)","₹9,849",4 GB RAM | 64 GB ROM | Expandable Upto 512 GB16.71 cm (6.58 inch) Full HD+ Display50MP + 2MP | 8MP Front Camera5000 mAh Lithium Ion Polymer BatteryMediatek Dimensity 700 Processor1 Year Warranty for Handset and 6 Months for Accessories,4.2
138,"REDMI A2+ (Sea Green, 64 GB)","₹8,999",4 GB RAM | 64 GB ROM16.56 cm (6.52 inch) Display8MP Rear Camera5000 mAh Battery2 year domestic,4.1
139,"LAVA Blaze 5G (Glass Green, 128 GB)","₹9,999",6 GB RAM | 128 GB ROM | Expandable Upto 1 TB16.51 cm (6.5 inch) HD+ Display50MP + 2MP | 8MP + 8MP Dual Front Camera5000 mAh BatteryMediaTek Dimensity 700 Processor1 Year Handset Warranty and 6 Months Warranty on Accessories,4.1
140,Nokia E5,"₹9,381",512 MB RAM | 512 MB ROM9.65 cm (3.8 inch) Display5MP Rear Camera1050 mAh Battery6 Months,4
141,"REDMI A1+ (Light Green, 32 GB)","₹7,490",2 GB RAM | 32 GB ROM | Expandable Upto 512 GB16.56 cm (6.52 inch) HD+ Display8MP Rear Camera | 5MP Front Camera5000 mAh Lithium Polymer BatteryMediatek Helio A22 Processor1 Year Manufacturer Warranty for Phone and 6 Months Warranty for in the Box Accessories,4.2
142,"LAVA Yuva 5G (Mystic Green, 128 GB)","₹9,989",4 GB RAM | 128 GB ROM16.59 cm (6.53 inch) Display50MP Rear Camera5000 mAh Battery1 year manufacturer Warranty,4.2
143,"LAVA Blaze 5G (Glass Blue, 128 GB)","₹9,999",6 GB RAM | 128 GB ROM | Expandable Upto 1 TB16.51 cm (6.5 inch) HD+ Display50MP + 2MP | 8MP Front Camera5000 mAh BatteryMediaTek Dimensity 700 Processor1 Year Handset Warranty and 6 Months Warranty on Accessories,4.1
